route,date,hour,prediction
1,2025-11-01,0,100
1,2025-11-01,1,107
1,2025-11-01,2,115
1,2025-11-01,3,122
1,2025-11-01,4,130
1,2025-11-01,5,137
1,2025-11-01,6,145
1,2025-11-01,7,152
1,2025-11-01,8,160
1,2025-11-01,9,152
1,2025-11-01,10,145
1,2025-11-01,11,137
1,2025-11-01,12,130
1,2025-11-01,13,122
1,2025-11-01,14,139
1,2025-11-01,15,155
1,2025-11-01,16,172
1,2025-11-01,17,196
1,2025-11-01,18,220
1,2025-11-01,19,196
1,2025-11-01,20,172
1,2025-11-01,21,148
1,2025-11-01,22,124
1,2025-11-01,23,100
5,2025-11-01,0,100
5,2025-11-01,1,107
5,2025-11-01,2,115
5,2025-11-01,3,122
5,2025-11-01,4,130
5,2025-11-01,5,137
5,2025-11-01,6,145
5,2025-11-01,7,152
5,2025-11-01,8,160
5,2025-11-01,9,152
5,2025-11-01,10,145
5,2025-11-01,11,137
5,2025-11-01,12,130
5,2025-11-01,13,122
5,2025-11-01,14,139
5,2025-11-01,15,155
5,2025-11-01,16,172
5,2025-11-01,17,196
5,2025-11-01,18,220
5,2025-11-01,19,196
5,2025-11-01,20,172
5,2025-11-01,21,148
5,2025-11-01,22,124
5,2025-11-01,23,100
7,2025-11-01,0,100
7,2025-11-01,1,107
7,2025-11-01,2,115
7,2025-11-01,3,122
7,2025-11-01,4,130
7,2025-11-01,5,137
7,2025-11-01,6,145
7,2025-11-01,7,152
7,2025-11-01,8,160
7,2025-11-01,9,152
7,2025-11-01,10,145
7,2025-11-01,11,137
7,2025-11-01,12,130
7,2025-11-01,13,122
7,2025-11-01,14,139
7,2025-11-01,15,155
7,2025-11-01,16,172
7,2025-11-01,17,196
7,2025-11-01,18,220
7,2025-11-01,19,196
7,2025-11-01,20,172
7,2025-11-01,21,148
7,2025-11-01,22,124
7,2025-11-01,23,100
11,2025-11-01,0,100
11,2025-11-01,1,107
11,2025-11-01,2,115
11,2025-11-01,3,122
11,2025-11-01,4,130
11,2025-11-01,5,137
11,2025-11-01,6,145
11,2025-11-01,7,152
11,2025-11-01,8,160
11,2025-11-01,9,152
11,2025-11-01,10,145
11,2025-11-01,11,137
11,2025-11-01,12,130
11,2025-11-01,13,122
11,2025-11-01,14,139
11,2025-11-01,15,155
11,2025-11-01,16,172
11,2025-11-01,17,196
11,2025-11-01,18,220
11,2025-11-01,19,196
11,2025-11-01,20,172
11,2025-11-01,21,148
11,2025-11-01,22,124
11,2025-11-01,23,100
12,2025-11-01,0,100
12,2025-11-01,1,107
12,2025-11-01,2,115
12,2025-11-01,3,122
12,2025-11-01,4,130
12,2025-11-01,5,137
12,2025-11-01,6,145
12,2025-11-01,7,152
12,2025-11-01,8,160
12,2025-11-01,9,152
12,2025-11-01,10,145
12,2025-11-01,11,137
12,2025-11-01,12,130
12,2025-11-01,13,122
12,2025-11-01,14,139
12,2025-11-01,15,155
12,2025-11-01,16,172
12,2025-11-01,17,196
12,2025-11-01,18,220
12,2025-11-01,19,196
12,2025-11-01,20,172
12,2025-11-01,21,148
12,2025-11-01,22,124
12,2025-11-01,23,100
25,2025-11-01,0,100
25,2025-11-01,1,107
25,2025-11-01,2,115
25,2025-11-01,3,122
25,2025-11-01,4,130
25,2025-11-01,5,137
25,2025-11-01,6,145
25,2025-11-01,7,152
25,2025-11-01,8,160
25,2025-11-01,9,152
25,2025-11-01,10,145
25,2025-11-01,11,137
25,2025-11-01,12,130
25,2025-11-01,13,122
25,2025-11-01,14,139
25,2025-11-01,15,155
25,2025-11-01,16,172
25,2025-11-01,17,196
25,2025-11-01,18,220
25,2025-11-01,19,196
25,2025-11-01,20,172
25,2025-11-01,21,148
25,2025-11-01,22,124
25,2025-11-01,23,100
31,2025-11-01,0,100
31,2025-11-01,1,107
31,2025-11-01,2,115
31,2025-11-01,3,122
31,2025-11-01,4,130
31,2025-11-01,5,137
31,2025-11-01,6,145
31,2025-11-01,7,152
31,2025-11-01,8,160
31,2025-11-01,9,152
31,2025-11-01,10,145
31,2025-11-01,11,137
31,2025-11-01,12,130
31,2025-11-01,13,122
31,2025-11-01,14,139
31,2025-11-01,15,155
31,2025-11-01,16,172
31,2025-11-01,17,196
31,2025-11-01,18,220
31,2025-11-01,19,196
31,2025-11-01,20,172
31,2025-11-01,21,148
31,2025-11-01,22,124
31,2025-11-01,23,100
33,2025-11-01,0,100
33,2025-11-01,1,107
33,2025-11-01,2,115
33,2025-11-01,3,122
33,2025-11-01,4,130
33,2025-11-01,5,137
33,2025-11-01,6,145
33,2025-11-01,7,152
33,2025-11-01,8,160
33,2025-11-01,9,152
33,2025-11-01,10,145
33,2025-11-01,11,137
33,2025-11-01,12,130
33,2025-11-01,13,122
33,2025-11-01,14,139
33,2025-11-01,15,155
33,2025-11-01,16,172
33,2025-11-01,17,196
33,2025-11-01,18,220
33,2025-11-01,19,196
33,2025-11-01,20,172
33,2025-11-01,21,148
33,2025-11-01,22,124
33,2025-11-01,23,100
39,2025-11-01,0,100
39,2025-11-01,1,107
39,2025-11-01,2,115
39,2025-11-01,3,122
39,2025-11-01,4,130
39,2025-11-01,5,137
39,2025-11-01,6,145
39,2025-11-01,7,152
39,2025-11-01,8,160
39,2025-11-01,9,152
39,2025-11-01,10,145
39,2025-11-01,11,137
39,2025-11-01,12,130
39,2025-11-01,13,122
39,2025-11-01,14,139
39,2025-11-01,15,155
39,2025-11-01,16,172
39,2025-11-01,17,196
39,2025-11-01,18,220
39,2025-11-01,19,196
39,2025-11-01,20,172
39,2025-11-01,21,148
39,2025-11-01,22,124
39,2025-11-01,23,100
50,2025-11-01,0,100
50,2025-11-01,1,107
50,2025-11-01,2,115
50,2025-11-01,3,122
50,2025-11-01,4,130
50,2025-11-01,5,137
50,2025-11-01,6,145
50,2025-11-01,7,152
50,2025-11-01,8,160
50,2025-11-01,9,152
50,2025-11-01,10,145
50,2025-11-01,11,137
50,2025-11-01,12,130
50,2025-11-01,13,122
50,2025-11-01,14,139
50,2025-11-01,15,155
50,2025-11-01,16,172
50,2025-11-01,17,196
50,2025-11-01,18,220
50,2025-11-01,19,196
50,2025-11-01,20,172
50,2025-11-01,21,148
50,2025-11-01,22,124
50,2025-11-01,23,100
